Biscuit Type,log_B,Original model MSE,Corrected model MSE
Digestive,104950.54765001689,7.2389111103342885e-06,5.606402813710635e-08
Hobnob,36.98162223923521,6.530791384969547e-08,3.427102378461322e-08
Rich Tea,899.0373959145854,1.0991960906412304e-06,1.7337885352056356e-08
