Biscuit Type,log_B,Original model MSE,Corrected model MSE
Digestive,108671.97482726129,7.495479348359867e-06,5.606492471424276e-08
Hobnob,16.832332197788674,5.15689643322091e-08,3.4270686493283536e-08
Rich Tea,866.3382982692292,1.0612210044239227e-06,1.7283246891251686e-08
