Biscuit Type,log_B,Original model MSE,Corrected model MSE
Digestive,105889.70159510474,7.303644147085242e-06,5.605480709909286e-08
Hobnob,17.690544447715865,5.21082035964328e-08,3.427069833334382e-08
Rich Tea,945.740202072297,1.1534729863684423e-06,1.733368270797227e-08
