Biscuit Type,log_B,Original model MSE,Corrected model MSE
Digestive,105655.12405455037,7.287467849324733e-06,5.6065791132598194e-08
Hobnob,197.38112306682336,1.7626087346969328e-07,3.427192390694694e-08
Rich Tea,1172.9676717009422,1.41788538396257e-06,1.7291921573750285e-08
