Biscuit Type,Mean,Std,Required value,Probability of required value occuring,Number of stds value is from mean
Digestive,8.043379495174992e-07,5.898164078415422e-08,1.0048060111709005e-06,0.06767689976494573,3.3988213787917934
Hobnob,5.161913558260584e-07,9.255218321363738e-08,5.185994559090674e-07,97.92423145247177,0.02601883607057052
Rich Tea,3.226806844572067e-07,8.924672125792888e-08,2.8026191801918775e-07,63.45747575626515,0.47529775705065885
