Biscuit Type,Mean,Std,Required value,Probability of required value occuring,Number of stds value is from mean
Digestive,8.071694286452813e-07,5.667805131311327e-08,1.0047998037883286e-06,0.04886644148518471,3.4868943191298944
Hobnob,5.396980168408884e-07,1.0792105974965637e-07,5.186178736933205e-07,84.51351745814371,0.19532928231493707
Rich Tea,3.293091226744601e-07,9.733299381116083e-08,2.8024651269778583e-07,61.42124201447212,0.5040696690359939
