Biscuit Type,Mean,Std,Required value,Probability of required value occuring,Number of stds value is from mean
Digestive,8.049590145236965e-07,5.793756921336051e-08,1.004817121732458e-06,0.05615373361338438,3.449542497593666
Hobnob,5.244865745278969e-07,9.40928427141301e-08,5.185943603901389e-07,95.00680846292107,0.06262127881139194
Rich Tea,3.190411700839166e-07,7.799591784136457e-08,2.8026820876074916e-07,61.9107770960312,0.49711526444278187
