Biscuit Type,log_B,Original model MSE,Corrected model MSE
Digestive,109946.802170159,7.5833815814438445e-06,5.607197581174902e-08
Hobnob,-6.597276538903884,3.521289220578192e-08,3.427061556262652e-08
Rich Tea,1058.4973390293267,1.2847734861283174e-06,1.728381656970117e-08
