Biscuit Type,Mean,Std,Required value,Probability of required value occuring,Number of stds value is from mean
Digestive,8.034173042885484e-07,5.96955948476585e-08,1.004791682325701e-06,0.07425839580410543,3.373354073295597
Hobnob,5.2035518488845e-07,8.660711371928998e-08,5.186066088861517e-07,98.38920042769259,0.020189750324271578
Rich Tea,3.2677540973585854e-07,9.363505462243832e-08,2.8026194770996414e-07,61.93634855891189,0.49675265543923874
